Category,Word
90s TV Show,3rd Rock from the Sun
90s TV Show,All That
90s TV Show,Ally McBeal
90s TV Show,Animaniacs
90s TV Show,Are You Afraid of the Dark
90s TV Show,Arthur
90s TV Show,Barney and Friends
90s TV Show,Batman The Animated Series
90s TV Show,Beavis and Butt Head
90s TV Show,Big Bad Beetleborgs
90s TV Show,Bonkers
90s TV Show,Boy Meets World
90s TV Show,Buffy the Vampire Slayer
90s TV Show,CatDog
90s TV Show,Charmed
90s TV Show,Chip n Dale Rescue Rangers
90s TV Show,Clarissa Explains It All
90s TV Show,Daria
90s TV Show,Darkwing Duck
90s TV Show,Dawsons Creek
90s TV Show,Dinosaurs
90s TV Show,Dr Quinn Medicine Woman
90s TV Show,Duckman
90s TV Show,ER
90s TV Show,Early Edition
90s TV Show,Everybody Loves Raymond
90s TV Show,Family Matters
90s TV Show,Farscape
90s TV Show,Frasier
90s TV Show,Freakazoid
90s TV Show,Friends
90s TV Show,Full House
90s TV Show,Gargoyles
90s TV Show,Goof Troop
90s TV Show,Goosebumps
90s TV Show,Golden Girls
90s TV Show,Hercules The Legendary Journeys
90s TV Show,Hermans Head
90s TV Show,Hey Arnold
90s TV Show,Home Improvement
90s TV Show,Honey I Shrunk the Kids The TV Show
90s TV Show,Kenan and Kel
90s TV Show,King of the Hill
90s TV Show,Law and Order
90s TV Show,Legends of the Hidden Temple
90s TV Show,Mad About You
90s TV Show,Melrose Place
90s TV Show,Mighty Morphin Power Rangers
90s TV Show,My So Called Life
90s TV Show,NYPD Blue
90s TV Show,NewsRadio
90s TV Show,Northern Exposure
90s TV Show,Party of Five
90s TV Show,Picket Fences
90s TV Show,Pinky and the Brain
90s TV Show,Recess
90s TV Show,Rockos Modern Life
90s TV Show,Roseanne
90s TV Show,Roundhouse
90s TV Show,Rugrats
90s TV Show,Sabrina the Teenage Witch
90s TV Show,Saved by the Bell
90s TV Show,Seinfeld
90s TV Show,Sliders
90s TV Show,South Park
90s TV Show,Spider Man The Animated Series
90s TV Show,Spin City
90s TV Show,Star Trek Deep Space Nine
90s TV Show,Star Trek Voyager
90s TV Show,Step by Step
90s TV Show,Suddenly Susan
90s TV Show,Superman The Animated Series
90s TV Show,TaleSpin
90s TV Show,Teletubbies
90s TV Show,That 70s Show
90s TV Show,The Adventures of Pete and Pete
90s TV Show,The Angry Beavers
90s TV Show,The Critic
90s TV Show,The Drew Carey Show
90s TV Show,The Fresh Prince of Bel Air
90s TV Show,The Magic School Bus
90s TV Show,The Nanny
90s TV Show,The Pretender
90s TV Show,The Secret World of Alex Mack
90s TV Show,The Wild Thornberrys
90s TV Show,The X Files
90s TV Show,Touched by an Angel
90s TV Show,Twin Peaks
90s TV Show,VR Troopers
90s TV Show,Veronicas Closet
90s TV Show,Walker Texas Ranger
90s TV Show,Where in the World Is Carmen Sandiego
90s TV Show,Will and Grace
90s TV Show,Wings
90s TV Show,Wishbone
90s TV Show,X Men The Animated Series
90s TV Show,Xena Warrior Princess
Animals,bear
Animals,beaver
Animals,cat
Animals,dog
Animals,donkey
Animals,ferret
Animals,finch
Animals,fox
Animals,frogs
Animals,goose
Animals,horse
Animals,lion
Animals,lizard
Animals,llama
Animals,locust
Animals,moth
Animals,mouse
Animals,octopi
Animals,otter
Animals,parrot
Animals,quail
Animals,roach
Animals,sheep
Animals,snail
Animals,spider
Animals,swan
Animals,tick
Animals,tiger
Animals,turtle
Animals,wolf
Beverage,coffe
Beverage,frappe
Beverage,icecream
Beverage,milkshake
Beverage,slushie
Beverage,smoothie
Beverage,soda pop
Beverage,tea
Beverage,water
Body Parts,ankle
Body Parts,arm
Body Parts,cheek
Body Parts,ears
Body Parts,elbow
Body Parts,eyebrow
Body Parts,eyes
Body Parts,finger
Body Parts,foot
Body Parts,hand
Body Parts,head
Body Parts,lashes
Body Parts,mouth
Body Parts,nose
Body Parts,thigh
Body Parts,tongue
Body Parts,waist
Bread,baguette
Bread,brioche
Bread,bruschetta
Bread,bun
Bread,caprese
Bread,chapati
Bread,ciabatta
Bread,cornbread
Bread,crumpet
Bread,dosa
Bread,flatbread
Bread,focaccia
Bread,multigrain
Bread,naan
Bread,paratha
Bread,pita
Bread,pumpernickel
Bread,roti
Bread,rye
Bread,sourdough
Bread,tortilla
Bread,wholegrain
Celebrations & Events,crowd
Celebrations & Events,parade
Celebrations & Events,party
Celebrations & Events,travel
Cheese,cheddar
Cheese,cheeseboard
Cheese,colby jack
Cheese,mozzarella
Cheese,provolone
Clothing & Accessories,apron
Clothing & Accessories,belt
Clothing & Accessories,boots
Clothing & Accessories,dress
Clothing & Accessories,helmet
Clothing & Accessories,mitten
Clothing & Accessories,pants
Clothing & Accessories,pocket
Clothing & Accessories,scarf
Clothing & Accessories,shirt
Clothing & Accessories,sleeve
Clothing & Accessories,zipper
Colors,blue
Colors,bronze
Colors,brown
Colors,green
Colors,orange
Colors,pink
Colors,purple
Colors,red
Colors,silver
Colors,white
Dessert,baklava
Dessert,bananasplit
Dessert,barfi
Dessert,beignet
Dessert,biscotti
Dessert,biscuit
Dessert,blondie
Dessert,boondi
Dessert,brittle
Dessert,brownie
Dessert,cannoli
Dessert,cheesecake
Dessert,churro
Dessert,clafoutis
Dessert,cobbler
Dessert,compote
Dessert,coulis
Dessert,crisp
Dessert,croissant
Dessert,crumble
Dessert,custard
Dessert,danish
Dessert,flan
Dessert,fondant
Dessert,frangipane
Dessert,fritter
Dessert,galette
Dessert,ganache
Dessert,gelato
Dessert,gulabjamun
Dessert,halva
Dessert,jalebi
Dessert,kheer
Dessert,kulfi
Dessert,ladoo
Dessert,lokum
Dessert,maamoul
Dessert,marzipan
Dessert,modak
Dessert,mousse
Dessert,muffin
Dessert,nougat
Dessert,pancake
Dessert,panettone
Dessert,parfait
Dessert,pastry
Dessert,peda
Dessert,phirni
Dessert,praline
Dessert,pretzel
Dessert,rasgulla
Dessert,scone
Dessert,sfogliatella
Dessert,sherbet
Dessert,shortbread
Dessert,soanpapdi
Dessert,sorbet
Dessert,strudel
Dessert,sundae
Dessert,tart
Dessert,tiramisu
Dessert,tresleches
Dessert,truffle
Dessert,waffle
Dessert,zeppole
Dip,babaganoush
Dip,french onion
Dip,hummus
Dip,tzatziki
Dumpling,baozi
Dumpling,bunuelos
Dumpling,dumpling
Dumpling,wonton
Eggs,frittata
Eggs,omelette
Eggs,quiche
Eggs,scramble
Eggs,boiled
Eggs,fried
Fantasy & Mythology,battle
Fantasy & Mythology,castle
Fantasy & Mythology,dagger
Fantasy & Mythology,dragon
Fantasy & Mythology,fairy
Fantasy & Mythology,knight
Fantasy & Mythology,magic
Fantasy & Mythology,pirate
Fantasy & Mythology,potion
Fantasy & Mythology,prince
Fantasy & Mythology,squire
Fantasy & Mythology,wizard
Feelings & Emotions,angry
Feelings & Emotions,blurry
Feelings & Emotions,happy
Feelings & Emotions,proud
Feelings & Emotions,sad
Feelings & Emotions,spooky
Feelings & Emotions,surprised
Feelings & Emotions,shocked
Feelings & Emotions,scared
Feelings & Emotions,disgust
Food,bacon
Food,burger
Food,candy
Food,cheese
Food,fries
Food,honey
Food,peanut
Food,pizza
Food,bagel
Food,toast
Food,adobo
Food,arepa
Food,balti
Food,banhmi
Food,barbecue
Food,bibimbap
Food,biltong
Food,biryani
Food,bobotie
Food,boerewors
Food,bulgogi
Food,burger
Food,casserole
Food,chimichanga
Food,curry
Food,edamame
Food,empanada
Food,enchilada
Food,gyoza
Food,gyro
Food,hotdog
Food,hotpot
Food,jajangmyeon
Food,jambalaya
Food,karaage
Food,katsu
Food,kebab
Food,kimchi
Food,kimchijjigae
Food,kombucha
Food,laksa
Food,larb
Food,longaniza
Food,masala
Food,meatball
Food,miso
Food,mochi
Food,natto
Food,okonomiyaki
Food,paella
Food,pancit
Food,pho
Food,pilaf
Food,pupusa
Food,quesadilla
Food,ramen
Food,ramyun
Food,ratatouille
Food,risotto
Food,sashimi
Food,satay
Food,shabu
Food,shawarma
Food,skewer
Food,soufflé
Food,stew
Food,sushi
Food,takoyaki
Food,tamale
Food,tandoori
Food,tempeh
Food,tempura
Food,teriyaki
Food,tikka
Food,tocino
Food,tofu
Food,tonkatsu
Food,tteokbokki
Food,udon
Food,yakisoba
Fruit,apple
Fruit,apricot
Fruit,avocado
Fruit,banana
Fruit,blackberry
Fruit,blueberry
Fruit,cherry
Fruit,coconut
Fruit,cranberry
Fruit,date
Fruit,fig
Fruit,grapes
Fruit,guava
Fruit,kiwi
Fruit,lychee
Fruit,mandarin
Fruit,mango
Fruit,melon
Fruit,nectarine
Fruit,orange
Fruit,papaya
Fruit,passionfruit
Fruit,peach
Fruit,pear
Fruit,persimmon
Fruit,pineapple
Fruit,plum
Fruit,pomegranate
Fruit,raspberry
Fruit,strawberry
Fruits & Vegetables,apple
Fruits & Vegetables,berry
Fruits & Vegetables,carrot
Fruits & Vegetables,grape
Fruits & Vegetables,grape
Fruits & Vegetables,lemon
Fruits & Vegetables,melon
Fruits & Vegetables,olive
Fruits & Vegetables,onion
Fruits & Vegetables,peach
Fruits & Vegetables,plums
Furniture & Household Items,blanket
Furniture & Household Items,bucket
Furniture & Household Items,button
Furniture & Household Items,candle
Furniture & Household Items,chair
Furniture & Household Items,couch
Furniture & Household Items,cup
Furniture & Household Items,curtain
Furniture & Household Items,door
Furniture & Household Items,fences
Furniture & Household Items,fork
Furniture & Household Items,kettle
Furniture & Household Items,knife
Furniture & Household Items,ladder
Furniture & Household Items,mirror
Furniture & Household Items,pillow
Furniture & Household Items,plate
Furniture & Household Items,spoon
Furniture & Household Items,table
Furniture & Household Items,window
Meat,bacon
Meat,brisket
Meat,chorizo
Meat,drumstick
Meat,fillet
Meat,ham
Meat,jerky
Meat,meatloaf
Meat,mortadella
Meat,pancetta
Meat,pastrami
Meat,pepperoni
Meat,prosciutto
Meat,ribeye
Meat,salami
Meat,sausage
Meat,sirloin
Meat,tenderloin
Meat,wings
Miscellaneous,bakery
Miscellaneous,breeze
Miscellaneous,cousin
Miscellaneous,crunch
Miscellaneous,friend
Miscellaneous,season
Miscellaneous,shadow
Miscellaneous,singer
Miscellaneous,sweat
Musical Instruments,banjo
Musical Instruments,cello
Musical Instruments,drum
Musical Instruments,flute
Musical Instruments,harp
Musical Instruments,maraca
Musical Instruments,tambourine
Musical Instruments,trumpet
Musical Instruments,tuba
Musical Instruments,violin
Musical Instruments,guitar
Musical Instruments,microphone
Musical Instruments,keyboard
Musical Instruments,piano
Musical Instruments,french horn
Musical Instruments,synthesizer
Nut,almond
Nut,cashew
Nut,chestnut
Nut,hazelnut
Nut,macadamia
Nut,peanut
Nut,pecan
Nut,pistachio
Nut,walnut
Objects & Tools,anchor
Objects & Tools,basket
Objects & Tools,beacon
Objects & Tools,bubble
Objects & Tools,clock
Objects & Tools,feather
Objects & Tools,key
Objects & Tools,ladle
Objects & Tools,marble
Objects & Tools,shovel
Objects & Tools,ticket
Objects & Tools,trolley
Objects & Tools,tunnel
Objects & Tools,whistle
Objects & Tools,wrench
Pasta,alfredo
Pasta,bolognese
Pasta,carbonara
Pasta,fettuccine
Pasta,gnocchi
Pasta,lasagna
Pasta,linguine
Pasta,macaroni
Pasta,pappardelle
Pasta,penne
Pasta,pesto
Pasta,ravioli
Pasta,spaghetti
Pasta,tortellini
Pasta,ziti
School & Office Supplies,book
School & Office Supplies,crayon
School & Office Supplies,eraser
School & Office Supplies,folder
School & Office Supplies,globe
School & Office Supplies,marker
School & Office Supplies,paper
School & Office Supplies,papers
School & Office Supplies,pencil
School & Office Supplies,poster
School & Office Supplies,staple
Soup,bisque
Soup,bouillabaisse
Soup,caldo
Soup,chicken noodle
Soup,chowder
Soup,gazpacho
Soup,menudo
Soup,minestrone
Soup,pozole
Soup,sancocho
Space & Science,Mars
Space & Science,Venus
Space & Science,comet
Space & Science,galaxy
Space & Science,meteor
Space & Science,planet
Space & Science,rocket
Sports & Activities,bowler
Sports & Activities,boxing
Sports & Activities,golf
Sports & Activities,hockey
Sports & Activities,skating
Sports & Activities,soccer
Sports & Activities,tennis
Star Wars,A New Hope
Star Wars,AT AT
Star Wars,Ahsoka Tano
Star Wars,Alderaan
Star Wars,Attack of the Clones
Star Wars,BB 8
Star Wars,Battle Droid
Star Wars,Bespin
Star Wars,Blaster
Star Wars,Boba Fett
Star Wars,C3PO
Star Wars,Cassian Andor
Star Wars,Chewbacca
Star Wars,Chirrut Îmwe
Star Wars,Clone Trooper
Star Wars,Coruscant
Star Wars,Count Dooku
Star Wars,Dagobah
Star Wars,Dark Side
Star Wars,Darth Sidious
Star Wars,Darth Vader
Star Wars,Death Star
Star Wars,Duel of the Fates
Star Wars,Emperor Palpatine
Star Wars,Endor
Star Wars,Exegol
Star Wars,Finn
Star Wars,General Grievous
Star Wars,Grand Moff Tarkin
Star Wars,Grogu
Star Wars,Han Solo
Star Wars,Holocron
Star Wars,Hoth
Star Wars,Jabba the Hutt
Star Wars,Jakku
Star Wars,Jyn Erso
Star Wars,K 2SO
Star Wars,Kamino
Star Wars,Kessel
Star Wars,Kyber Crystal
Star Wars,Kylo Ren
Star Wars,Lando Calrissian
Star Wars,Light Side
Star Wars,Lightsaber
Star Wars,Luke Skywalker
Star Wars,Mace Windu
Star Wars,Mandalore
Star Wars,Mandalorian
Star Wars,Millennium Falcon
Star Wars,Mustafar
Star Wars,Naboo
Star Wars,Obi Wan Kenobi
Star Wars,Order 66
Star Wars,Padmé Amidala
Star Wars,Poe Dameron
Star Wars,Princess Leia
Star Wars,Qui Gon Jinn
Star Wars,R2 D2
Star Wars,Return of the Jedi
Star Wars,Revenge of the Sith
Star Wars,Rey
Star Wars,Rogue One
Star Wars,Scarif
Star Wars,Snoke
Star Wars,Speeder Bike
Star Wars,Star Destroyer
Star Wars,Stormtrooper
Star Wars,TIE Fighter
Star Wars,Tatooine
Star Wars,The Empire Strikes Back
Star Wars,The Force
Star Wars,The Force Awakens
Star Wars,The Jedi
Star Wars,The Last Jedi
Star Wars,The Mandalorian
Star Wars,The Phantom Menace
Star Wars,The Rise of Skywalker
Star Wars,The Sith
Star Wars,X Wing
Star Wars,Yoda
Sweetener,butterscotch
Sweetener,caramel
Sweetener,chocolate
Sweetener,cinnamon
Sweetener,fudge
Sweetener,gingerbread
Sweetener,honey
Sweetener,licorice
Sweetener,maple
Sweetener,marshmallow
Sweetener,peppermint
Sweetener,spearmint
Sweetener,sugar
Sweetener,treacle
Sweetener,vanilla
Transportation,boat
Transportation,canoe
Transportation,diver
Transportation,ticket
Transportation,train
Weather & Nature,autumn
Weather & Nature,breeze
Weather & Nature,cloud
Weather & Nature,desert
Weather & Nature,forest
Weather & Nature,lagoon
Weather & Nature,meadows
Weather & Nature,moon
Weather & Nature,rainbow
Weather & Nature,savanna
Weather & Nature,spring
Weather & Nature,star
Weather & Nature,summer
Weather & Nature,sun
Weather & Nature,sunset
Weather & Nature,thunder
Weather & Nature,wind
Weather & Nature,winter